{"cameraMode":{"drawMode":0,"name":"Shaded","section":"Shading Mode"},"sceneLighting":true,"audioPlay":false,"sceneViewState":{"showFog":true,"showMaterialUpdate":false,"showSkybox":true,"showFlares":true,"showImageEffects":true,"showParticleSystems":true},"in2DMode":false,"pivot":{"x":350.16375732421877,"y":-430.012451171875,"z":948.112548828125},"rotation":{"x":-0.4057967960834503,"y":-0.06087365746498108,"z":0.027068234980106355,"w":-0.9115985631942749},"size":544.033203125,"orthographic":false}